S,S,B,M,%,2,0,I,n,s,t,i,n,c,t,%,2,3,N,A,1
M,a,s,h,u,a,i,f,u,%,2,3,2,c,c,c
c,o,o,k,i,e,m,e,l,i,k,e,y,%,2,3,0,4,1,0
M,h,u,n,c,h,%,2,3,N,A,1
J,o,g,O,k,%,2,3,J,G,Y
J,u,s,t,%,2,0,F,o,r,%,2,0,O,n,e,%,2,0,D,a,y,%,2,3,N,A,1
S,c,0,t,t,y,T,r,0,n,g,%,2,3,j,d,2,1
N,v,r,o,n,%,2,3,N,A,1
A,i,r,J,u,i,c,e,%,2,3,N,A,1
f,1,t,z,y,x,d,%,2,3,N,A,1
J,F,K,e,n,n,e,n,d,y,%,2,3,N,A,1
R,i,s,k,y,%,2,0,I,n,v,e,s,t,m,e,n,t,%,2,3,N,A,1
i,a,n,%,2,0,b,ø,t,%,2,3,N,A,1
M,a,s,t,e,r,c,r,o,z,%,2,3,N,A,1
B,i,g,B,o,y,B,r,o,s,i,e,%,2,3,N,A,1
S,e,m,u,r,e,i,%,2,3,N,A,1
T,O,D,D,O,F,V,I,D,E,O,G,A,M,E,S,%,2,3,T,O,A,D
Ś,e,v,e,n,%,2,3,N,A,1
C,a,p,t,a,i,n,5,9,9,%,2,3,N,A,1
S,t,a,n,d,%,2,0,a,t,%,2,0,t,h,e,%,2,0,t,o,p,%,2,3,N,A,1
P,a,t,i,t,o,s,G,a,m,i,n,g,%,2,3,N,A,1
Y,o,d,q,%,2,3,d,r,u,r,y
s,c,u,b,a,d,i,v,e,r,%,2,0,s,c,r,u,b,%,2,3,N,A,1
s,0,g,g,y,w,a,f,f,f,l,s,%,2,3,N,A,1
G,i,ø,r,n,o,%,2,0,G,i,o,v,a,n,n,a,%,2,3,4,4,4,4
I,r,o,n,5,D,i,v,e,%,2,3,N,A,1
k,9,s,%,2,3,N,A,1
K,r,a,x,m,1,4,%,2,3,B,O,N,K
O,l,d,%,2,0,T,r,e,e,%,2,0,P,a,n,%,2,0,G,e,n,%,2,3,7,7,7
M,c,N,u,g,g,e,t,7,0,7,%,2,3,N,A,1
J,I,g,g,y,1,%,2,3,3,7,3,2
N,a,j,i,l,i,s,%,2,3,N,A,1
W,ö,l,h,a,i,k,s,o,n,g,%,2,3,N,A,1
R,e,a,l,%,2,0,F,a,k,e,r,%,2,3,p,e,e,k
x,X,m,o,u,a,z,X,x,%,2,3,6,1,7,5
G,r,i,i,m,J,o,o,w,7,%,2,3,N,A,1
n,o,w,j,o,e,b,l,e,s,s,e,d,u,p,%,2,3,N,A,1
V,i,e,t,N,ø,m,N,ø,m,N,ø,m,%,2,3,M,u,n,c,h
K,u,r,o,i,s,i,%,2,3,N,A,1
G,r,a,n,d,R,i,c,h,a,r,d,%,2,3,N,A,1
l,o,w,h,p,%,2,0,g,a,m,e,b,e,g,i,n,%,2,3,N,A,1
S,a,l,a,m,i,i,i,n,%,2,3,N,A,1
D,e,W,e,e,b,l,e,r,%,2,3,N,A,1
d,e,v,i,l,s,n,i,p,e,r,1,4,%,2,3,N,A,1
C,o,s,m,o,%,2,0,C,a,n,y,o,n,%,2,3,S,Y,K
J,u,l,y,%,2,0,9,t,h,%,2,0,2,0,1,8,%,2,3,N,A,2
H,a,n,E,a,p,M,a,n,%,2,3,너,말,이,야
R,a,i,k,e,y,I,s,S,u,p,M,a,i,n,%,2,3,z,y,o,x
M,a,n,g,o,H,a,v,e,n,%,2,3,N,A,1
M,o,o,n,c,a,k,e,S,t,a,r,%,2,3,V,o,i,d
N,o,o,k,i,i,V,T,%,2,3,6,9,6,9
J,a,m,e,i,1,2,%,2,3,N,A,1
i,K,P,%,2,3,N,A,2
T,w,o,n,0,9,%,2,3,0,9,0,9
ł,%,2,0,A,m,a,z,e,%,2,0,M,y,s,e,l,f,%,2,3,N,A,1
S,k,a,c,a,T,%,2,3,N,A,1
n,o,l,x,n,%,2,3,5,4,5,4
M,i,k,o,T,i,m,e,%,2,3,N,A,1
S,h,e,n,t,i,s,t,%,2,3,N,A,1
J,z,a,y,%,2,0,N,i,g,h,t,m,a,r,e,%,2,3,1,7,0,3
i,U,I,N,%,2,0,h,W,a,a,%,2,3,N,A,1
E,l,d,e,r,P,o,g,u,e,%,2,3,N,A,1
U,s,e,r,N,8,D,a,G,r,8,%,2,3,N,A,1
p,a,n,g,e,a,c,a,k,e,%,2,3,0,0,0
p,h,i,l,l,y,y,y,%,2,3,0,0,1,3
N,o,c,t,i,s,i,e,g,e,%,2,3,N,A,1
C,r,e,a,m,y,%,2,0,C,o,r,n,%,2,3,W,E,E,D
C,a,l,i,f,a,c,t,%,2,3,N,A,1
B,l,a,z,x,e,2,2,%,2,3,d,o,g
W,a,l,t,e,r,H,W,o,c,k,%,2,3,S,W,A,G
i,r,l,%,2,0,b,l,a,c,k,%,2,3,p,h,e,n,i
c,u,r,t,i,s,4,7,6,7,%,2,3,N,A,1
A,x,i,o,m,i,s,%,2,3,N,A,1
H,a,i,a,s,i,i,i,%,2,3,N,A,1
B,i,g,T,o,n,y,U,n,i,c,o,r,n,%,2,3,N,A,1
L,a,R,u,c,h,e,7,%,2,0,1,%,2,3,N,A,1
B,e,s,t,%,2,0,T,o,p,%,2,0,E,U,W,%,2,3,N,A,1
S,i,n,a,l,o,a,%,2,0,B,o,y,%,2,3,O,w,O
Q,U,E,S,T,I,0,N,m,a,r,K,%,2,3,N,A,1
i,k,e,a,%,2,0,t,o,o,l,b,o,x,%,2,3,N,A,1
I,r,o,n,%,2,0,I,V,%,2,0,M,F,%,2,3,N,A,1
h,a,k,u,m,a,i,a,h,r,i,%,2,3,N,A,1
g,u,u,b,b,b,%,2,3,g,o,o,p
i,%,2,0,a,m,%,2,0,N,O,O,O,B,4,%,2,3,8,5,5,1
I,e,m,o,n,%,2,0,m,e,r,i,n,g,u,e,%,2,3,4,2,0,1,7
U,n,D,e,f,e,a,t,e,d,K,1,n,g,s,%,2,3,N,A,1
E,a,t,P,o,o,h,b,e,a,r,%,2,3,B,E,A,R
D,a,n,i,e,l,l,e,s,k,y,2,%,2,3,9,5,2,7
M,y,t,h,F,R,E,A,K,%,2,3,M,Y,T,H
I,e,t,t,a,t,o,r,e,%,2,3,N,A,1
N,o,x,i,a,n,E,x,i,l,e,%,2,3,N,A,1
L,u,m,e,h,t,i,l,%,2,3,N,A,1
I,A,m,T,h,e,T,o,m,m,y,%,2,3,N,A,1
L,e,g,e,n,d,w,o,r,d,%,2,3,N,A,1
s,e,r,a,a,a,p,h,%,2,3,r,e,n,e
B,u,c,c,i,a,r,a,t,i,i,i,i,%,2,3,N,A,1
a,v,g,K,Z,e,r,%,2,3,6,3,3,1
B,a,b,y,D,u,c,k,1,9,%,2,3,N,A,1
F,a,k,e,r,s,%,2,0,K,i,w,i,%,2,3,N,A,1
F,r,1,e,z,%,2,3,N,A,1
b,i,g,%,2,0,g,r,a,m,m,y,%,2,3,N,A,1
W,h,o,A,m,I,I,A,m,W,h,o,%,2,3,N,A,1
A,H,S,%,2,0,J,1,m,m,y,%,2,3,N,A,1
j,e,o,n,y,e,o,b,e,e,n,%,2,3,9,9,9
K,1,l,l,e,r,T,a,c,o,6,6,6,%,2,3,N,A,1
s,e,w,e,r,%,2,0,p,e,e,p,e,e,%,2,3,N,A,1
f,l,o,o,f,e,r,s,%,2,3,S,K,T,1
l,M,a,r,v,i,s,l,%,2,3,N,A,1
B,a,n,e,O,f,T,h,e,E,n,d,e,r,s,X,%,2,3,N,A,1
I,c,e,l,o,n,k,1,%,2,3,1,3,6,4
2,0,c,m,%,2,0,o,f,%,2,0,l,o,v,e,2,0,%,2,3,N,A,1
L,e,s,%,2,0,M,a,r,u,k,o,k,o,%,2,3,W,A,W
L,n,o,t,s,t,y,l,i,s,h,9,9,%,2,3,N,A,1
s,h,i,l,i,n,g,%,2,3,o,v,o
S,h,a,r,k,N,a,D,a,n,%,2,3,F,r,e,e
E,l,e,m,e,n,t,N,e,%,2,3,N,A,1
A,r,d,e,n,t,l,y,T,o,x,i,c,%,2,3,S,E,E,D
T,H,E,%,2,0,C,Ü,M,%,2,0,L,O,R,D,%,2,3,N,A,1
t,h,i,e,v,3,s,s,%,2,3,N,A,0
t,h,a,t,y,a,s,u,o,o,t,p,%,2,3,m,i,d,i,f
x,D,z,e,r,o,%,2,3,N,A,1
K,I,L,L,3,R,%,2,0,F,O,R,3,V,3,R,%,2,3,9,6,5,0
i,%,2,0,e,a,t,e,d,%,2,0,a,%,2,0,f,o,r,k,%,2,3,N,A,1
h,1,d,e,%,2,0,i,n,%,2,0,b,r,u,s,h,%,2,3,f,a,k,e,r
s,l,a,p,d,a,d,y,%,2,3,N,A,1
D,a,r,k,m,a,g,e,9,8,7,6,%,2,3,B,l,i,n,d
W,e,t,t,c,o,m,e,r,a,g,%,2,3,1,1,7,7
D,a,s,h,e,r,t,h,e,r,u,l,e,r,%,2,3,N,A,1
d,e,a,f,e,n,i,n,g,%,2,0,v,o,i,c,e,s,%,2,3,A,J,J
W,a,n,t,%,2,0,U,%,2,0,S,t,a,y,%,2,3,9,9,9,9
e,m,a,n,t,h,e,g,r,e,a,t,e,s,%,2,3,N,A,1
S,k,i,e,T,a,l,e,s,%,2,3,B,u,b,b,a
S,h,a,r,k,N,i,n,j,a,8,%,2,3,N,A,1
T,e,r,r,i,e,n,%,2,3,i,l,n,w
1,8,1,0,0,8,%,2,3,N,A,1
C,h,u,m,O,n,T,h,e,W,a,v,e,%,2,3,N,A,1
T,a,o,t,a,0,%,2,3,1,2,9,1
A,s,9,2,2,3,%,2,3,N,A,1
i,d,i,o,t,h,e,a,d,6,9,%,2,3,N,A,1
K,i,n,d,K,O,%,2,3,N,A,1
R,e,i,s,e,n,U,d,o,n,g,I,n,a,b,a,%,2,3,N,A,1
Q,i,u,Q,i,u,R,e,n,%,2,3,1,1,1,7
R,e,a,p,F,i,s,h,%,2,3,N,A,1
V,a,n,2,%,2,0,N,A,%,2,3,N,A,1
l,y,i,n,g,m,a,n,d,o,3,2,2,%,2,3,N,A,1
C,o,l,d,8,%,2,3,T,E,A
T,h,o,m,a,s,J,o,h,n,M,a,r,v,i,n,%,2,3,N,A,1
M,A,S,T,E,R,P,O,0,P,E,R,%,2,3,0,0,0
c,l,o,w,n,%,2,0,i,n,%,2,0,t,o,w,n,%,2,3,N,A,1
D,u,%,2,0,Ç,o,u,t,e,a,u,%,2,3,N,T,K
N,i,c,c,g,u,t,z,%,2,3,N,A,1
B,u,c,k,a,r,o,o,T,M,%,2,3,W,e,T,o,D
H,3,Z,R,1,%,2,3,o,o,g,a
M,ª,r,t,i,n,%,2,0,C,%,2,3,G,T,8,6
B,e,a,t,D,o,w,n,B,I,v,d,%,2,3,B,l,v,d
G,a,l,l,e,y,7,0,%,2,3,N,A,1
L,o,r,d,%,2,0,y,e,e,t,a,k,i,s,%,2,3,N,A,1
G,e,t,F,k,e,d,%,2,3,6,3,2,0
a,r,k,a,n,g,e,l,8,8,8,8,8,%,2,3,N,A,1
T,r,e,m,ó,r,s,%,2,3,1,8,1,8
G,a,e,b,w,i,l,l,%,2,3,9,1,1
R,N,G,%,2,0,L,e,t,m,e,s,h,o,w,%,2,3,6,6,6
n,1,k,o,2,3,%,2,3,1,9,9,8
N,y,c,t,o,8,1,8,2,3,%,2,3,N,A,1
G,o,t,h,G,F,s,A,d,d,M,e,%,2,3,1,9,9,8
S,h,i,o,n,K,%,2,3,8,8,8,2
W,e,e,a,b,o,o,%,2,0,J,o,n,e,i,e,s,%,2,3,N,A,1
I,H,Y,E,G,D,%,2,3,暴,风,星,云,烈
K,a,e,G,o,r,e,%,2,3,N,A,1
R,y,z,e,T,o,C,h,a,I,I,e,n,g,e,r,%,2,3,b,o,o,m
R,a,g,e,J,o,k,e,r,T,T,V,%,2,3,N,A,1
s,o,f,t,%,2,0,m,e,n,t,a,l,l,y,%,2,3,N,A,1
B,a,r,b,a,r,a,M,a,n,a,t,e,e,%,2,3,N,A,1
C,o,r,t,e,z,t,h,e,K,i,l,l,e,r,%,2,3,N,A,1
K,n,i,g,h,t,m,a,r,e,L,a,n,c,e,%,2,3,F,r,a,m,e
o,n,%,2,0,d,a,%,2,0,b,u,s,h,%,2,3,1,1,0,3
M,c,l,a,s,t,i,n,%,2,3,N,A,1
G,O,A,T,S,H,I,N,S,H,I,N,%,2,3,9,7,9,6,5
P,e,t,e,r,S,e,l,l,e,r,s,1,%,2,3,N,A,1
N,a,t,e,g,r,e,a,t,2,%,2,3,N,A,1
R,I,Z,Z,L,Ë,R,%,2,3,0,6,1,8
X,i,a,o,L,o,v,e,%,2,3,1,3,1,4
a,s,d,d,a,s,d,f,a,s,d,j,k,l,%,2,3,N,A,1
T,h,e,F,r,e,e,z,e,F,r,a,m,e,%,2,3,N,A,1
C,o,n,v,e,r,g,e,C,u,I,t,%,2,3,4,3,5,1
h,y,u,n,j,a,e,%,2,3,N,A,1
l,r,o,n,%,2,0,l,V,%,2,3,N,A,1
O,r,a,n,g,e,M,e,c,a,n,i,q,u,e,2,%,2,3,N,A,1
P,r,e,t,z,e,l,%,2,0,T,r,u,c,k,%,2,3,N,A,1
S,h,i,n,g,u,a,r,d,%,2,3,6,2,2,2
S,i,l,e,n,t,B,D,e,a,d,l,y,%,2,3,N,A,1
M,P,R,I,M,E,%,2,3,N,A,1
S,h,u,a,i,q,i,G,Z,H,%,2,3,N,A,1
B,R,E,4,D,m,a,n,%,2,3,N,A,1
D,a,r,e,d,e,v,i,l,I,m,p,u,l,s,e,%,2,3,N,A,1
M,o,j,o,J,o,j,o,5,1,%,2,3,N,A,1
1,2,0,l,b,%,2,0,c,a,t,b,o,y,%,2,3,0,6,1,6
M,o,d,e,r,n,%,2,0,D,a,y,%,2,0,A,d,o,l,f,%,2,3,8,4,3,7
M,o,n,k,e,y,D,L,o,t,f,i,%,2,3,6,6,7
N,i,c,o,t,u,t,%,2,3,N,A,1
